{"cameraMode":{"drawMode":0,"name":"Shaded","section":"Shading Mode"},"sceneLighting":true,"audioPlay":false,"sceneViewState":{"showFog":true,"showMaterialUpdate":false,"showSkybox":true,"showFlares":true,"showImageEffects":true,"showParticleSystems":true},"in2DMode":false,"pivot":{"x":-3.1182925701141359,"y":0.17425537109375,"z":2.2104644775390627},"rotation":{"x":0.09614792466163635,"y":-0.01642725057899952,"z":0.0015865294262766839,"w":0.9952320456504822},"size":57.02503204345703,"orthographic":false}